{"savee - 4": 0.29583333333333334, "_timestamp": 1715154254.7914295, "_runtime": 220.4630925655365, "_step": 1, "emodb - 5": 0.29583333333333334, "_wandb": {"runtime": 219}}